{"sections":{"e6750b05-7703-4f69-ab7c-9ffb0acf18fb":{"type":"slideshow","blocks":{"template--18472095940937__e6750b05-7703-4f69-ab7c-9ffb0acf18fb-16798645128eb8005e-0":{"type":"slide","settings":{"image":"shopify:\/\/shop_images\/hande-subasoglu-yuz-germe-bandilowwhite.webp","heading":"Sarkmalara Veda Edin, Canlı Bir Görünüm Kazanın","heading_size":"h2","subheading":"üzünüzdeki ve göz çevrenizdeki sarkmaları anında toparlayın.","button_label":"Göz At!","link":"shopify:\/\/products\/menacue™-yuz-germe-bantlari","button_style_secondary":false,"box_align":"middle-center","show_text_box":true,"text_alignment":"center","image_overlay_opacity":0,"color_scheme":"background-1","text_alignment_mobile":"center"}}},"block_order":["template--18472095940937__e6750b05-7703-4f69-ab7c-9ffb0acf18fb-16798645128eb8005e-0"],"settings":{"layout":"full_bleed","slide_height":"medium","slider_visual":"counter","auto_rotate":false,"change_slides_speed":5,"show_text_below":true,"accessibility_info":"Slideshow about our brand"}},"image_with_text_3WAbzc":{"type":"image-with-text","blocks":{"heading_jJn4DH":{"type":"heading","settings":{"heading":"Aynadaki Yansımaya Yeniden Aşık Olun","heading_size":"h1"}},"text_MAqf9n":{"type":"text","settings":{"text":"<p>Küçük bir dokunuşla yüz hatlarınızı belirginleştirerek özgüveninizi tazeleyin. Bu basit ama etkili çözümle, artık saklanmanıza gerek kalmayacak ve her an kendinizi en iyi halinizde hissedeceksiniz.<\/p>","text_style":"body"}}},"block_order":["heading_jJn4DH","text_MAqf9n"],"name":"t:sections.image-with-text.presets.name","settings":{"image":"shopify:\/\/shop_images\/Ekran_Resmi_2025-09-18_12.23.11.png","height":"adapt","desktop_image_width":"medium","layout":"image_first","desktop_content_position":"top","desktop_content_alignment":"left","content_layout":"no-overlap","color_scheme":"background-1","section_color_scheme":"background-1","mobile_content_alignment":"left","padding_top":36,"padding_bottom":36}},"0cf14636-438d-4227-b017-3b91b9f6dd17":{"type":"contact-form","settings":{"heading":"İletişim Formu","heading_size":"h1","button_full_width":true,"color_scheme":"background-1","padding_top":36,"padding_bottom":36}}},"order":["e6750b05-7703-4f69-ab7c-9ffb0acf18fb","image_with_text_3WAbzc","0cf14636-438d-4227-b017-3b91b9f6dd17"]}