{"sections":{"main":{"type":"main-product","blocks":{"c5728eab-5b1d-44e7-8e74-220cfef92c9b":{"type":"urgency","settings":{"urgency":"BAHAR SEZONU KAMPANYASI","color_scheme":"accent-1"}},"title":{"type":"title","settings":{"text_size":"h2","title_alignment":"left","uppercase_title":false}},"price":{"type":"price","settings":{"layout":"price_first"}},"de244682-4323-4802-b4ba-b79b08e0c71d":{"type":"emoji_benefits","settings":{"benefits":"<p>✨ <strong>Anında Işıltılı Cilt<\/strong><\/p><p>⏳ <strong>Zamandan Tasarruf Edin<\/strong><\/p><p>💖 <strong>Özgüveninizi Tazeleyin<\/strong><\/p><p>🎁 <strong>Kapıda Ödeme İmkanı<\/strong><\/p>"}},"44f9cdc2-f4bf-466e-87d5-fb765ad4864a":{"type":"variant_picker","settings":{"picker_type":"button","enable_color_swatches":false,"custom_swatch_option_name":"","enable_swatches_custom_colors":false}},"074f248d-8d73-4c8f-a97e-d8e82c5be5fc":{"type":"quantity_selector","disabled":true,"settings":{"enable_quantity_discounts":true,"headline":"BUNDLE & SAVE","preselected":"option_1","display_badge":"none","badge_text":"Most Popular","enable_variant_selectors":true,"option_1_quantity":1,"option_1_label":"","option_1_benefit":"","option_1_caption":"You save [amount]","option_1_discount_type":"none","option_1_percentage_off":0,"option_1_fixed_amount_off":"0","option_2_quantity":2,"option_2_label":"","option_2_benefit":"","option_2_caption":"You save [amount]","option_2_discount_type":"none","option_2_percentage_off":0,"option_2_fixed_amount_off":"0","option_3_quantity":3,"option_3_label":"","option_3_benefit":"","option_3_caption":"You save [amount]","option_3_discount_type":"none","option_3_percentage_off":0,"option_3_fixed_amount_off":"0","option_4_quantity":4,"option_4_label":"","option_4_benefit":"","option_4_caption":"You save [amount]","option_4_discount_type":"none","option_4_percentage_off":0,"option_4_fixed_amount_off":"0"}},"buy_buttons":{"type":"buy_buttons","settings":{"show_dynamic_checkout":true,"skip_cart":false,"uppercase_text":true}},"d505cdfe-d5cf-4aff-8e9e-abca6dae66eb":{"type":"sticky_atc","settings":{"display_when":"after_scroll","button_label":"Add to cart","show_price":true,"show_price_badge":true,"color_scheme":"background-1"}},"98db29ee-a7dc-429e-8129-bf71131627da":{"type":"payment_badges","settings":{}},"2edbf491-d07c-4718-b71e-18ffe22ab7dc":{"type":"estimated_shipping","settings":{"display_icon":true,"icon_size":"medium","icon_alignment":"top","message":"<p>Get it between <strong>[start_date]<\/strong> and <strong>[end_date]<\/strong>.<\/p>","min_shipping_days":7,"max_shipping_days":15,"date_format":"day_mm_dd","days_labels":"Monday, Tuesday, Wednesday, Thursday, Friday, Saturday, Sunday","months_labels":"January, February, March, April, May, June, July, August, September, October, November, December","padding_top":10,"padding_bottom":10}},"149aabfb-9fd8-4472-a633-6032dbe01ed0":{"type":"reviews","settings":{"display_stars":true,"avatar_alignment":"top","author_1":"Author","text_1":"<p>Share positive thoughts and feedback from your customer.<\/p>","author_2":"Author","text_2":"<p>Share positive thoughts and feedback from your customer.<\/p>","author_3":"Author","text_3":"<p>Share positive thoughts and feedback from your customer.<\/p>","padding_top":10,"padding_bottom":10}},"description":{"type":"description","disabled":true,"settings":{}}},"block_order":["c5728eab-5b1d-44e7-8e74-220cfef92c9b","title","price","de244682-4323-4802-b4ba-b79b08e0c71d","44f9cdc2-f4bf-466e-87d5-fb765ad4864a","074f248d-8d73-4c8f-a97e-d8e82c5be5fc","buy_buttons","d505cdfe-d5cf-4aff-8e9e-abca6dae66eb","98db29ee-a7dc-429e-8129-bf71131627da","2edbf491-d07c-4718-b71e-18ffe22ab7dc","149aabfb-9fd8-4472-a633-6032dbe01ed0","description"],"settings":{"enable_sticky_info":true,"media_size":"medium","constrain_to_viewport":true,"media_fit":"contain","gallery_layout":"thumbnail_slider","media_position":"left","image_zoom":"none","mobile_thumbnails":"hide","hide_variants":false,"enable_video_looping":false,"trust_badge_position":"top-right","trust_badge_size":"medium","padding_top":24,"padding_bottom":0}},"related-products":{"type":"related-products","disabled":true,"settings":{"heading":"You may also like","heading_size":"h2","products_to_show":4,"columns_desktop":4,"color_scheme":"background-1","image_ratio":"adapt","show_secondary_image":false,"show_vendor":false,"show_rating":false,"columns_mobile":"2","padding_top":36,"padding_bottom":24}},"03c08e95-f0ce-4379-bc05-787da4136202":{"type":"horizontal-ticker","blocks":{"template--18472096170313__03c08e95-f0ce-4379-bc05-787da4136202-1679864525e35c34e4-0":{"type":"text","settings":{"title":"Shrine Theme"}},"template--18472096170313__03c08e95-f0ce-4379-bc05-787da4136202-1679864525e35c34e4-1":{"type":"text","settings":{"title":"Shrine Theme"}},"template--18472096170313__03c08e95-f0ce-4379-bc05-787da4136202-1679864525e35c34e4-2":{"type":"text","settings":{"title":"Shrine Theme"}}},"block_order":["template--18472096170313__03c08e95-f0ce-4379-bc05-787da4136202-1679864525e35c34e4-0","template--18472096170313__03c08e95-f0ce-4379-bc05-787da4136202-1679864525e35c34e4-1","template--18472096170313__03c08e95-f0ce-4379-bc05-787da4136202-1679864525e35c34e4-2"],"settings":{"speed":3,"text_spacing":3,"text_size":"1.75","italic_text":false,"uppercase_text":false,"bold_text":false,"color_scheme":"accent-1","padding_top":16,"padding_bottom":16}},"6b7afe89-5595-4016-a10d-f260d82ca9cc":{"type":"comparison-table","blocks":{"template--18472096170313__6b7afe89-5595-4016-a10d-f260d82ca9cc-167986455514a8e470-0":{"type":"row","settings":{"benefit":"Anında Gözle Görülür Sonuç","us":true,"others":false}},"template--18472096170313__6b7afe89-5595-4016-a10d-f260d82ca9cc-167986455514a8e470-1":{"type":"row","settings":{"benefit":"Cilde Zarar Vermeyen Hipoalerjenik Yapı","us":true,"others":false}},"template--18472096170313__6b7afe89-5595-4016-a10d-f260d82ca9cc-167986455514a8e470-2":{"type":"row","settings":{"benefit":"Doğal ve Gizli Görünüm","us":true,"others":false}}},"block_order":["template--18472096170313__6b7afe89-5595-4016-a10d-f260d82ca9cc-167986455514a8e470-0","template--18472096170313__6b7afe89-5595-4016-a10d-f260d82ca9cc-167986455514a8e470-1","template--18472096170313__6b7afe89-5595-4016-a10d-f260d82ca9cc-167986455514a8e470-2"],"settings":{"title":"Karşılaştırma Tablosu","heading_size":"h1","text":"","button_label":"","link":"","button_style_secondary":false,"layout":"table_second","color_scheme":"background-1","logo_width":75,"us_label":"","others_label":"Diğer Marka","benefit_color_scheme":"accent-1","checkmark_color":"#53af01","icon_cells_color_scheme":"background-1","padding_top":36,"padding_bottom":36}},"1dec15b6-e51f-4064-b412-acf7a98422ef":{"type":"comparison-slider","disabled":true,"custom_css":[],"settings":{"title":"Before & After slider","heading_size":"h1","text":"<p>Talk about how and why is your brand better than the others.<\/p>","layout":"slider_second","color_scheme":"background-1","before_label":"Before","after_label":"After","labels_color_scheme":"accent-1","line_color":"background-1","button_label":"","link":"","button_style_secondary":false,"padding_top":36,"padding_bottom":36}},"e21ff573-e051-4bf7-867b-94765a3b8f11":{"type":"icon-bar","blocks":{"template--18472096170313__e21ff573-e051-4bf7-867b-94765a3b8f11-16798645704e6a2246-0":{"type":"column","settings":{"icon":"heart","image":"shopify:\/\/shop_images\/water-drop.png","title":"Suya Dayanıklı Yapı","text":"<p>Terlemeye ve neme karşı dayanıklıdır, gün boyu etkisini korur.<\/p>"}},"template--18472096170313__e21ff573-e051-4bf7-867b-94765a3b8f11-16798645704e6a2246-1":{"type":"column","settings":{"icon":"heart","image":"shopify:\/\/shop_images\/encrypted.png","title":"Hipoalerjenik ve Güvenli","text":"<p>Ciltte tahrişe neden olmaz, hassas ciltler için bile uygundur.<\/p>"}},"template--18472096170313__e21ff573-e051-4bf7-867b-94765a3b8f11-16798645704e6a2246-2":{"type":"column","settings":{"icon":"heart","image":"shopify:\/\/shop_images\/money.png","title":"Kapıda Ödeme Kolaylığı","text":"<p>Siparişinizi kapınızda teslim alırken ödeme yapabilirsiniz.<\/p>"}},"template--18472096170313__e21ff573-e051-4bf7-867b-94765a3b8f11-16798645704e6a2246-3":{"type":"column","settings":{"icon":"heart","image":"shopify:\/\/shop_images\/clock.png","title":"Anında Etki Gösterir","text":"<p>Uzun süre beklemenize gerek kalmadan, takar takmaz farkı hissedersiniz.<\/p>"}}},"block_order":["template--18472096170313__e21ff573-e051-4bf7-867b-94765a3b8f11-16798645704e6a2246-0","template--18472096170313__e21ff573-e051-4bf7-867b-94765a3b8f11-16798645704e6a2246-1","template--18472096170313__e21ff573-e051-4bf7-867b-94765a3b8f11-16798645704e6a2246-2","template--18472096170313__e21ff573-e051-4bf7-867b-94765a3b8f11-16798645704e6a2246-3"],"settings":{"title":"","heading_size":"h1","text":"","icon_size":"medium","columns_desktop":4,"icon_color":"accent-1","background_style":"none","color_scheme":"background-2","columns_mobile":"1","swipe_on_mobile":true,"padding_top":36,"padding_bottom":36}},"64c96926-2c31-48fe-bd21-30941bc87822":{"type":"results","blocks":{"template--18472096170313__64c96926-2c31-48fe-bd21-30941bc87822-16798646483bf89b52-0":{"type":"row","settings":{"percentage":95,"row_text":"<p>Özel bir davete hazırlanırken son dakika kurtarıcım oldu! Anında gergin ve pürüzsüz bir cilde kavuştum diye belirtti<\/p>"}},"template--18472096170313__64c96926-2c31-48fe-bd21-30941bc87822-16798646483bf89b52-1":{"type":"row","settings":{"percentage":92,"row_text":"<p>Makyajımın altında tamamen görünmez olduğunu, kimse fark etmediğini belirtti<\/p>"}},"template--18472096170313__64c96926-2c31-48fe-bd21-30941bc87822-16798646483bf89b52-2":{"type":"row","settings":{"percentage":96,"row_text":"<p>Sabah taktım ve tüm gün boyunca yerinden oynamadı, etkisi hiç azalmadı. Artık özgüvenimle gülümseyebiliyorum diye belirtti<\/p>"}}},"block_order":["template--18472096170313__64c96926-2c31-48fe-bd21-30941bc87822-16798646483bf89b52-0","template--18472096170313__64c96926-2c31-48fe-bd21-30941bc87822-16798646483bf89b52-1","template--18472096170313__64c96926-2c31-48fe-bd21-30941bc87822-16798646483bf89b52-2"],"settings":{"title":"Kullanıcı Deneyimleri","heading_size":"h1","text":"","color_scheme":"background-1","layout":"results_first","results_headline":"","results_headline_size":"h2","results_headline_alignment":"left","caption":"","button_label":"","link":"","button_style_secondary":false,"padding_top":36,"padding_bottom":36}},"854b8c46-40a3-4c74-9b36-360886558b1f":{"type":"testimonials","blocks":{"template--18472096170313__854b8c46-40a3-4c74-9b36-360886558b1f-16798646670717cf42-0":{"type":"column","settings":{"title":"","text":"<p>Özel günlerin kurtarıcısı resmenn🥹🥹🥹🥹<\/p>","author":"Yasemin H****"}}},"block_order":["template--18472096170313__854b8c46-40a3-4c74-9b36-360886558b1f-16798646670717cf42-0"],"settings":{"title":"Yorumlar","heading_size":"h1","text":"","image_width":"full","image_ratio":"square","columns_desktop":3,"column_alignment":"center","show_stars":true,"show_quotes":false,"background_style":"primary","color_scheme":"background-1","padding_top":36,"padding_bottom":36}}},"order":["main","related-products","03c08e95-f0ce-4379-bc05-787da4136202","6b7afe89-5595-4016-a10d-f260d82ca9cc","1dec15b6-e51f-4064-b412-acf7a98422ef","e21ff573-e051-4bf7-867b-94765a3b8f11","64c96926-2c31-48fe-bd21-30941bc87822","854b8c46-40a3-4c74-9b36-360886558b1f"]}