{"name":"t:sections.footer.name","type":"footer","sections":{"footer":{"type":"footer","blocks":{"1c647602-cc00-4009-a058-976435c8ee9e":{"type":"link_list","settings":{"heading":"Politikalar","menu":"footer","width_desktop":4,"width_mobile":"1"}},"24f208fd-0898-43eb-af23-d74f8420ab37":{"type":"email_signup","settings":{"heading":"E Mail Bültenine Abone Ol","subtext":"<p>Sadece yeni ürünlerden haberdar edicez.<\/p>","button_type":"solid","button_label":"Abone Ol","button_style_secondary":false,"width_desktop":4,"width_mobile":"2"}}},"block_order":["1c647602-cc00-4009-a058-976435c8ee9e","24f208fd-0898-43eb-af23-d74f8420ab37"],"settings":{"color_scheme":"accent-1","enable_follow_on_shop":false,"show_social":false,"enable_country_selector":false,"enable_language_selector":true,"payment_enable":true,"show_policy":false,"branding_text":"Powered by Haze","margin_top":0,"padding_top":32,"padding_bottom":20}}},"order":["footer"]}