{"current":{"disable_inspect":true,"logo_width":200,"colors_solid_button_labels":"#FDFBF7","colors_accent_1":"#ed9d9d","gradient_accent_1":"","colors_accent_2":"#dd1d1d","gradient_accent_2":"linear-gradient(54deg, rgba(221, 29, 29, 1) 14%, rgba(105, 14, 14, 1) 85%)","colors_text":"#121212","colors_outline_button_labels":"#dd1d1d","colors_background_1":"#ffffff","gradient_background_1":"","colors_background_2":"#f3f3f3","gradient_background_2":"","type_header_font":"poppins_n7","heading_scale":130,"type_body_font":"harmonia_sans_n4","body_scale":100,"page_width":1400,"spacing_sections":0,"spacing_grid_horizontal":40,"spacing_grid_vertical":40,"buttons_border_thickness":2,"buttons_border_opacity":100,"buttons_radius":6,"buttons_shadow_opacity":0,"buttons_shadow_horizontal_offset":0,"buttons_shadow_vertical_offset":4,"buttons_shadow_blur":5,"variant_pills_border_thickness":1,"variant_pills_border_opacity":55,"variant_pills_radius":40,"variant_pills_shadow_opacity":0,"variant_pills_shadow_horizontal_offset":0,"variant_pills_shadow_vertical_offset":4,"variant_pills_shadow_blur":5,"inputs_border_thickness":1,"inputs_border_opacity":55,"inputs_radius":6,"inputs_shadow_opacity":0,"inputs_shadow_horizontal_offset":0,"inputs_shadow_vertical_offset":4,"inputs_shadow_blur":5,"card_style":"card","card_image_padding":0,"card_text_alignment":"center","card_color_scheme":"background-1","card_border_thickness":0,"card_border_opacity":10,"card_corner_radius":12,"card_shadow_opacity":5,"card_shadow_horizontal_offset":10,"card_shadow_vertical_offset":10,"card_shadow_blur":35,"collection_card_style":"card","collection_card_image_padding":0,"collection_card_text_alignment":"center","collection_card_color_scheme":"background-1","collection_card_border_thickness":0,"collection_card_border_opacity":10,"collection_card_corner_radius":12,"collection_card_shadow_opacity":5,"collection_card_shadow_horizontal_offset":10,"collection_card_shadow_vertical_offset":10,"collection_card_shadow_blur":35,"blog_card_style":"card","blog_card_image_padding":0,"blog_card_text_alignment":"center","blog_card_color_scheme":"background-1","blog_card_border_thickness":0,"blog_card_border_opacity":10,"blog_card_corner_radius":12,"blog_card_shadow_opacity":5,"blog_card_shadow_horizontal_offset":10,"blog_card_shadow_vertical_offset":10,"blog_card_shadow_blur":35,"text_boxes_border_thickness":0,"text_boxes_border_opacity":10,"text_boxes_radius":24,"text_boxes_shadow_opacity":0,"text_boxes_shadow_horizontal_offset":10,"text_boxes_shadow_vertical_offset":12,"text_boxes_shadow_blur":20,"media_border_thickness":0,"media_border_opacity":10,"media_radius":12,"media_shadow_opacity":0,"media_shadow_horizontal_offset":0,"media_shadow_vertical_offset":0,"media_shadow_blur":20,"popup_border_thickness":1,"popup_border_opacity":10,"popup_corner_radius":22,"popup_shadow_opacity":10,"popup_shadow_horizontal_offset":10,"popup_shadow_vertical_offset":12,"popup_shadow_blur":20,"drawer_border_thickness":1,"drawer_border_opacity":10,"drawer_shadow_opacity":0,"drawer_shadow_horizontal_offset":0,"drawer_shadow_vertical_offset":4,"drawer_shadow_blur":5,"badge_position":"bottom left","badge_corner_radius":6,"sale_badge_color_scheme":"accent-2","sold_out_badge_color_scheme":"inverse","accent_icons":"text","brand_headline":"","brand_description":"<p><\/p>","brand_image_width":100,"social_facebook_link":"","social_instagram_link":"","social_youtube_link":"","social_tiktok_link":"","social_twitter_link":"","social_snapchat_link":"","social_pinterest_link":"","social_tumblr_link":"","social_vimeo_link":"","predictive_search_enabled":true,"predictive_search_show_vendor":false,"predictive_search_show_price":true,"currency_code_enabled":false,"cart_type":"drawer","show_vendor":false,"show_cart_note":false,"show_cart_payment_badges":false,"cart_trust_badges_width":100,"cart_drawer_collection":"","enable_cart_discount":false,"enable_cart_progress_bar":false,"cart_progress_message":"Spend [amount] more to get FREE shipping!","cart_progress_success_message":"Congrats! You get FREE shipping! 🎉","cart_progress_icon":"truck","enable_cart_upsell_1":false,"cart_upsell_1_product":"","cart_upsell_1_btn_label":"+ Add","enable_cart_upsell_2":false,"cart_upsell_2_product":"","cart_upsell_2_title":"","cart_upsell_2_desc":"","cart_upsell_2_btn_label":"+ Add","checkout_accent_color":"#dd1d1d","checkout_button_color":"#dd1d1d","fav_collection":"","auth_token":"eyJ0eXAiOiJKV1QiLCJhbGciOiJIUzI1NiJ9.eyJ1cmxzIjpbImh0dHBzOi8vc2hvcGFldGhlbi5jb20iLCJodHRwczovLzA4OGY3Yi5teXNob3BpZnkuY29tIl0sImxpY2Vuc2Vfa2V5IjoiU0hSSU5FLVZJUC1STVc5LVZMQUQiLCJleHAiOjE3MTMwNDg1MDF9.PpFfuzY6m-x01DcShWBSKSDCWd0RDMf_0deb6mfVo5g","sections":{"main-password-header":{"type":"main-password-header","settings":{"color_scheme":"background-1"}},"main-password-footer":{"type":"main-password-footer","settings":{"color_scheme":"background-1"}},"promo-popup":{"type":"promo-popup","settings":{"mode":"disabled","popup_seconds":5,"popup_days":30,"display_timer":true,"timer_duration":3,"layout":"image_second","color_scheme":"background-1","heading_prefix":"Sign up and","heading":"GET 10% OFF","heading_size":"h1","heading_suffix":"","text":"<p>Sign up for our email newsletter for special discounts and exclusive offers.<\/p>","button_label":"Sign up","dismiss_btn_label":"No thanks","discount_code":"EXAMPLE10","success_heading_prefix":"Enjoy your","success_heading":"DISCOUNT!","success_heading_size":"h1","success_heading_suffix":"","success_text":"<p>Use the code bellow to get 10% off your whole order!<\/p>","discount_code_label":"Discount code:","copy_button_label":"Copy","copy_message":"Code copied successfully!","success_dismiss_btn_label":"Close","success_display_image":true}},"scroll-to-top-btn":{"type":"scroll-to-top-btn","settings":{"enable_scroll_btn":false,"display_after":400,"color_scheme":"accent-1","position":"bottom-right","offset_x":20,"offset_y":20}},"global-music-player":{"type":"global-music-player","settings":{"enabled":false,"audio_src":"","volume":10,"position":"bottom-left","offset_x":20,"offset_y":20,"btn_animation":true,"color_scheme":"accent-1"}}},"content_for_index":[]},"presets":{"Default":{"logo_width":70,"colors_solid_button_labels":"#FDFBF7","colors_accent_1":"#9B046F","gradient_accent_1":"","colors_accent_2":"#5E3653","gradient_accent_2":"linear-gradient(320deg, rgba(134, 16, 106, 1), rgba(94, 54, 83, 1) 100%)","colors_text":"#2E2A39","colors_outline_button_labels":"#2E2A39","colors_background_1":"#FDFBF7","gradient_background_1":"linear-gradient(180deg, rgba(240, 244, 236, 1), rgba(241, 235, 226, 1) 100%)","colors_background_2":"#EDFFA7","gradient_background_2":"radial-gradient(rgba(255, 229, 229, 1), rgba(255, 224, 218, 1) 25%, rgba(215, 255, 137, 1) 100%)","type_header_font":"harmonia_sans_n6","heading_scale":130,"type_body_font":"harmonia_sans_n4","body_scale":100,"page_width":1200,"spacing_sections":36,"spacing_grid_horizontal":40,"spacing_grid_vertical":40,"buttons_border_thickness":1,"buttons_border_opacity":55,"buttons_radius":10,"buttons_shadow_opacity":0,"buttons_shadow_horizontal_offset":0,"buttons_shadow_vertical_offset":4,"buttons_shadow_blur":5,"variant_pills_border_thickness":0,"variant_pills_border_opacity":10,"variant_pills_radius":10,"variant_pills_shadow_opacity":0,"variant_pills_shadow_horizontal_offset":0,"variant_pills_shadow_vertical_offset":4,"variant_pills_shadow_blur":5,"inputs_border_thickness":1,"inputs_border_opacity":55,"inputs_radius":10,"inputs_shadow_opacity":0,"inputs_shadow_horizontal_offset":0,"inputs_shadow_vertical_offset":4,"inputs_shadow_blur":5,"card_style":"card","card_image_padding":0,"card_text_alignment":"center","card_color_scheme":"background-1","card_border_thickness":0,"card_border_opacity":10,"card_corner_radius":12,"card_shadow_opacity":5,"card_shadow_horizontal_offset":10,"card_shadow_vertical_offset":10,"card_shadow_blur":35,"collection_card_style":"card","collection_card_image_padding":0,"collection_card_text_alignment":"center","collection_card_color_scheme":"background-1","collection_card_border_thickness":0,"collection_card_border_opacity":10,"collection_card_corner_radius":12,"collection_card_shadow_opacity":5,"collection_card_shadow_horizontal_offset":10,"collection_card_shadow_vertical_offset":10,"collection_card_shadow_blur":35,"blog_card_style":"card","blog_card_image_padding":0,"blog_card_text_alignment":"center","blog_card_color_scheme":"background-1","blog_card_border_thickness":0,"blog_card_border_opacity":10,"blog_card_corner_radius":12,"blog_card_shadow_opacity":5,"blog_card_shadow_horizontal_offset":10,"blog_card_shadow_vertical_offset":10,"blog_card_shadow_blur":35,"text_boxes_border_thickness":0,"text_boxes_border_opacity":10,"text_boxes_radius":24,"text_boxes_shadow_opacity":0,"text_boxes_shadow_horizontal_offset":10,"text_boxes_shadow_vertical_offset":12,"text_boxes_shadow_blur":20,"media_border_thickness":0,"media_border_opacity":10,"media_radius":12,"media_shadow_opacity":10,"media_shadow_horizontal_offset":10,"media_shadow_vertical_offset":12,"media_shadow_blur":20,"popup_border_thickness":1,"popup_border_opacity":10,"popup_corner_radius":22,"popup_shadow_opacity":10,"popup_shadow_horizontal_offset":10,"popup_shadow_vertical_offset":12,"popup_shadow_blur":20,"drawer_border_thickness":1,"drawer_border_opacity":10,"drawer_shadow_opacity":0,"drawer_shadow_horizontal_offset":0,"drawer_shadow_vertical_offset":4,"drawer_shadow_blur":5,"badge_position":"bottom left","badge_corner_radius":6,"sale_badge_color_scheme":"accent-2","sold_out_badge_color_scheme":"inverse","accent_icons":"text","brand_headline":"","brand_description":"<p><\/p>","brand_image_width":"100","social_twitter_link":"","social_facebook_link":"","social_pinterest_link":"","social_instagram_link":"","social_tiktok_link":"","social_tumblr_link":"","social_snapchat_link":"","social_youtube_link":"","social_vimeo_link":"","predictive_search_enabled":true,"predictive_search_show_vendor":false,"predictive_search_show_price":true,"currency_code_enabled":false,"cart_type":"notification","show_vendor":false,"show_cart_note":true,"cart_drawer_collection":"","sections":{"main-password-header":{"type":"main-password-header","settings":{"color_scheme":"background-1"}},"main-password-footer":{"type":"main-password-footer","settings":{"color_scheme":"background-1"}}}}}}